user_id,intent_score,segment,buy_days,fav_cnt,open_cart_items,days_since_last_active
128960133,0.9668750829371954,High value / High intent,6,45,80.0,0
126143015,0.9664997890648981,High value / High intent,5,54,152.0,0
139435539,0.9647753082190038,High value / High intent,6,27,92.0,0
35306096,0.9617342210864909,High value / High intent,6,12,95.0,0
21465106,0.9602127944163305,High value / High intent,6,109,35.0,0
33463484,0.9601556944168246,High value / High intent,5,41,112.0,0
88496472,0.9587697177902141,High value / High intent,5,19,132.0,0
867381,0.9573152204751939,High value / High intent,5,34,98.0,0
21743048,0.9563338465838312,High value / High intent,5,96,55.0,0
52577851,0.9536144347816256,High value / High intent,6,2,116.0,0
51492142,0.9513224209397348,High value / High intent,6,47,29.0,0
92928708,0.950531294429222,High value / High intent,5,9,113.0,0
48793683,0.9468387469519077,High value / High intent,5,49,43.0,0
90035027,0.9448452326219701,High value / High intent,5,6,97.0,0
102825286,0.9436690765524707,High value / High intent,5,62,29.0,0
107874169,0.9428248797700126,High value / High intent,5,18,50.0,0
7234861,0.9426860374155976,High value / High intent,3,124,96.0,0
24062806,0.9421919634121598,High value / High intent,5,16,57.0,0
21978171,0.9418447234536844,High value / High intent,5,51,34.0,0
3282021,0.9417461778821355,High value / High intent,4,39,74.0,0
140535667,0.9399501955208202,High value / High intent,4,88,47.0,0
69144178,0.9397200127346669,High value / High intent,6,20,18.0,0
110883373,0.9394605089494947,High value / High intent,4,53,62.0,0
10630192,0.9393282867198247,High value / High intent,5,98,20.0,0
115847256,0.937973735218392,High value / High intent,6,8,24.0,0
43250746,0.9377064749346335,High value / High intent,1,294,207.0,0
40364641,0.9373633976093039,High value / High intent,5,11,49.0,0
5424550,0.9371566384165461,High value / High intent,5,55,23.0,0
10705215,0.9366225610149445,High value / High intent,6,4,32.0,0
110989739,0.9365103278257969,High value / High intent,5,46,23.0,0
89426847,0.9358912974203997,High value / High intent,5,6,55.0,0
15171548,0.9322429480954694,High value / High intent,5,19,30.0,0
93675262,0.9321939709416354,High value / High intent,6,14,16.0,0
93795297,0.9311924491297273,High value / High intent,4,33,44.0,0
122338823,0.9310735590138769,High value / High intent,6,0,61.0,0
34424883,0.9302615690985511,High value / High intent,4,11,75.0,0
84465849,0.9298795982456514,High value / High intent,4,92,28.0,0
61692878,0.9298300160540109,High value / High intent,3,54,62.0,0
131573117,0.9297978795466333,High value / High intent,4,59,36.0,0
118056913,0.9297409098600586,High value / High intent,4,41,39.0,0
87942719,0.928667539588314,High value / High intent,5,3,53.0,0
56245076,0.9277551294116935,High value / High intent,4,46,34.0,0
33984927,0.9277531863048696,High value / High intent,5,27,21.0,0
123842164,0.9262660857152603,High value / High intent,6,35,9.0,0
86723232,0.9256099763642388,High value / High intent,4,83,24.0,0
79062073,0.9255278073299447,High value / High intent,3,72,52.0,0
36233277,0.9252899533244446,High value / High intent,2,738,44.0,0
42973948,0.9248975580781984,High value / High intent,6,7,13.0,0
14144843,0.9248105367440488,High value / High intent,4,76,23.0,0
125823342,0.9247985860898408,High value / High intent,1,206,132.0,0
116232438,0.9242822337136973,High value / High intent,4,1,124.0,0
55605483,0.924221286472326,High value / High intent,5,35,15.0,0
85336332,0.9234357650582392,High value / High intent,5,5,33.0,0
113114470,0.923067138452705,High value / High intent,3,66,47.0,0
44806939,0.9230522952042731,High value / High intent,6,0,37.0,0
87603845,0.9229628388412544,High value / High intent,4,8,58.0,0
79807626,0.9223954376342596,High value / High intent,3,28,71.0,0
37880189,0.92205239116052,High value / High intent,5,1,53.0,0
120812517,0.9219898035526133,High value / High intent,4,29,33.0,0
17362237,0.9217633193517348,High value / High intent,5,6,32.0,0
106090167,0.921654057253669,High value / High intent,4,60,24.0,0
88079688,0.9211990726010975,High value / High intent,5,9,25.0,0
100086267,0.9193499416639058,High value / High intent,5,1,49.0,0
88503688,0.9186969768414314,High value / High intent,5,10,21.0,0
101664376,0.9183951435680924,High value / High intent,5,10,31.0,0
57105532,0.9169541926729977,High value / High intent,3,52,45.0,0
109711418,0.9168280876904054,High value / High intent,4,40,21.0,0
56462249,0.9167935649352709,High value / High intent,4,1,98.0,0
77374787,0.9167076270734843,High value / High intent,6,234,2.0,0
16676403,0.9166063330079787,High value / High intent,3,34,51.0,0
100816273,0.9165446577502587,High value / High intent,4,3,68.0,0
107209058,0.9164517337936451,High value / High intent,4,14,34.0,0
35095494,0.916426341615597,High value / High intent,4,51,20.0,0
74086991,0.9163935222593765,High value / High intent,5,18,16.0,0
56690952,0.916268888010225,High value / High intent,3,31,54.0,0
59131217,0.915590140952791,High value / High intent,4,39,22.0,0
25040950,0.9149197274225156,High value / High intent,2,123,55.0,0
122421140,0.9148514713324138,High value / High intent,4,2,67.0,0
74314315,0.9147431195131068,High value / High intent,4,29,27.0,0
3671315,0.9138899088635282,High value / High intent,4,2,69.0,0
36513563,0.913266416534712,High value / High intent,3,12,99.0,0
132203237,0.9132489451586853,High value / High intent,4,10,35.0,0
138737144,0.9132001658400541,High value / High intent,5,2,42.0,0
4364079,0.9126361318511025,High value / High intent,4,73,16.0,0
11257305,0.912196986503009,High value / High intent,5,1,37.0,0
50673557,0.9115216952461278,High value / High intent,5,1,38.0,0
107882320,0.9111100727410707,High value / High intent,4,22,22.0,0
128878698,0.9108081934024084,High value / High intent,5,26,11.0,0
3442818,0.9101731577963849,High value / High intent,3,49,35.0,0
45743550,0.9100142849348093,High value / High intent,3,14,62.0,0
59511789,0.9098688438645731,High value / High intent,2,204,42.0,0
35389479,0.9097381015358056,High value / High intent,4,6,39.0,0
9639120,0.9091653094198099,High value / High intent,3,16,86.0,0
88120786,0.9090499658970195,High value / High intent,3,42,36.0,0
12833799,0.9090198905995902,High value / High intent,3,19,75.0,0
3065306,0.9082364950351308,High value / High intent,2,214,34.0,0
108212684,0.9080256553594851,High value / High intent,5,54,7.0,0
18927299,0.9080192550268503,High value / High intent,4,24,19.0,0
61506078,0.9077643756015625,High value / High intent,4,1,64.0,0
81444684,0.9075252513350045,High value / High intent,5,14,11.0,0
127524049,0.9072078102439876,High value / High intent,5,0,45.0,0
87944152,0.9069612333999459,High value / High intent,3,10,63.0,0
67028419,0.906907818168302,High value / High intent,2,89,53.0,0
1091123,0.9067190814910705,High value / High intent,5,26,8.0,0
34723367,0.9065870975946677,High value / High intent,4,14,23.0,0
50244004,0.9052001341906872,High value / High intent,3,27,37.0,0
85081309,0.9044790126332756,High value / High intent,3,8,61.0,0
20849275,0.9040181496549288,High value / High intent,3,11,59.0,0
34453652,0.9033161843446388,High value / High intent,3,23,38.0,0
65949028,0.9033046744912684,High value / High intent,2,49,57.0,0
20379505,0.9032792004817068,High value / High intent,4,34,14.0,0
3318666,0.9029589538528815,High value / High intent,4,132,8.0,0
112142417,0.9023516493435573,High value / High intent,2,85,42.0,0
59567091,0.9023478090400792,High value / High intent,3,6,70.0,0
74750292,0.9021029740645026,High value / High intent,3,11,50.0,0
97122756,0.9020508569348492,High value / High intent,4,15,19.0,0
40781736,0.9018313978410245,High value / High intent,4,16,19.0,0
119681430,0.9017494484679428,High value / High intent,3,134,17.0,0
44193672,0.901565018949898,High value / High intent,5,1,26.0,0
106342906,0.9013541210872995,High value / High intent,4,6,28.0,0
15957740,0.9013403942540867,High value / High intent,3,196,14.0,0
13254648,0.9013156806002295,High value / High intent,4,92,9.0,0
82905542,0.9008006328058302,High value / High intent,3,12,49.0,0
18781926,0.9006769760314793,High value / High intent,4,0,72.0,0
22369795,0.9000878309486448,High value / High intent,4,1,54.0,0
140780237,0.9000672666848624,High value / High intent,2,40,57.0,0
101250285,0.8999832386870952,High value / High intent,4,22,23.0,0
59413510,0.899563071659733,High value / High intent,3,67,20.0,0
8886191,0.8994286119476572,High value / High intent,3,2,90.0,0
60203830,0.899327230926085,High value / High intent,5,5,13.0,0
123250328,0.8989907985387565,High value / High intent,3,46,24.0,0
130041655,0.898952754018343,High value / High intent,2,21,71.0,0
112198319,0.8988721025673269,High value / High intent,4,0,67.0,0
51435164,0.8979416089705267,High value / High intent,4,0,70.0,0
57033180,0.8977753322985823,High value / High intent,3,7,50.0,0
91731364,0.8977604454894819,High value / High intent,5,24,7.0,0
82259162,0.8963658236758443,High value / High intent,3,111,15.0,0
52580712,0.8961203277442871,High value / High intent,4,0,65.0,0
59781337,0.8960932030661354,High value / High intent,4,0,67.0,0
23014965,0.8958372377265884,High value / High intent,2,21,148.0,0
116867259,0.8954712758077978,High value / High intent,2,6,112.0,0
75821100,0.8953737139298878,High value / High intent,2,31,56.0,0
81076699,0.8953527017362221,High value / High intent,3,11,40.0,0
38782215,0.8950201601942601,High value / High intent,3,41,21.0,0
132308943,0.8948434482092336,High value / High intent,4,6,24.0,0
68285359,0.8947473408040746,High value / High intent,5,22,6.0,0
67085594,0.8946193523650737,High value / High intent,3,23,27.0,0
99480990,0.8944766738601372,High value / High intent,3,3,69.0,0
115557934,0.8942583617567897,High value / High intent,3,10,39.0,0
62571710,0.8941893615678769,High value / High intent,4,2,35.0,0
54168401,0.8941176150142084,High value / High intent,4,0,60.0,0
122102339,0.893686735842714,High value / High intent,3,42,20.0,0
57447913,0.8936601046352523,High value / High intent,2,46,43.0,0
12940608,0.8930805702954641,High value / High intent,3,77,17.0,0
102974755,0.8927596115660044,High value / High intent,4,3,45.0,0
89931825,0.8926521720101768,High value / High intent,3,9,44.0,0
105616401,0.8926515567325417,High value / High intent,2,46,43.0,0
47874120,0.8921777432947279,High value / High intent,3,2,73.0,0
83954147,0.8921565553898235,High value / High intent,4,0,56.0,0
130270245,0.891642555874471,High value / High intent,1,376,39.0,0
31446692,0.8916116958506382,High value / High intent,3,1,86.0,0
97730927,0.8913946280469603,High value / High intent,3,6,43.0,0
96219418,0.8913533774918727,High value / High intent,4,45,8.0,0
105397406,0.8911143887726908,High value / High intent,2,38,40.0,0
90690816,0.8910030551195854,High value / High intent,3,27,23.0,0
14447131,0.8909915693551483,High value / High intent,3,11,37.0,0
134473908,0.8908321272856059,High value / High intent,3,25,25.0,0
45966877,0.8906355389467094,High value / High intent,4,9,18.0,0
117544930,0.8903524683480002,High value / High intent,4,6,20.0,0
21605110,0.8902277628498428,High value / High intent,5,0,23.0,0
58437782,0.8900667364338969,High value / High intent,3,14,31.0,0
126024699,0.8897076648299098,High value / High intent,3,23,24.0,0
38839327,0.8893380856275045,High value / High intent,3,4,53.0,0
110007607,0.8892003120261209,High value / High intent,3,58,16.0,0
26857141,0.889082764194285,High value / High intent,2,18,58.0,0
51341836,0.8890399913502111,High value / High intent,1,83,63.0,0
106498387,0.8885015210362089,High value / High intent,3,0,111.0,0
128055612,0.8882622826223905,High value / High intent,3,1,73.0,0
66331755,0.8882436145675433,High value / High intent,4,7,18.0,0
139145544,0.8880210842446373,High value / High intent,5,18,5.0,0
124063835,0.8880030905260535,High value / High intent,4,0,75.0,0
11412443,0.8879938451822463,High value / High intent,2,5,101.0,0
17825629,0.8878304972870893,High value / High intent,2,90,26.0,0
110037242,0.8869373958816394,High value / High intent,3,37,18.0,0
60753044,0.8868014511445885,High value / High intent,3,46,24.0,0
4146900,0.8866197778832514,High value / High intent,4,0,49.0,0
47328088,0.8861320031433526,High value / High intent,3,46,17.0,0
100288957,0.8860051960219745,High value / High intent,3,41,17.0,0
22393155,0.8858800473857736,High value / High intent,4,1,33.0,0
130987421,0.885344682926162,High value / High intent,4,1,31.0,0
125135169,0.8853248347531332,High value / High intent,4,1,33.0,0
73730336,0.8852948733255424,High value / High intent,4,2,25.0,0
118330286,0.8851018025103579,High value / High intent,3,16,26.0,0
27032913,0.8850551117820136,High value / High intent,4,3,23.0,0
103781365,0.8847605233016018,High value / High intent,3,1,68.0,0
85822276,0.8844825116139323,High value / High intent,4,2,29.0,0
26622553,0.8842851573240678,High value / High intent,5,77,2.0,0
70517996,0.8841476727402096,High value / High intent,3,21,22.0,0
125110045,0.8838306883334786,High value / High intent,4,0,42.0,0
48445034,0.8822477064986165,High value / High intent,1,20,93.0,0
23367131,0.8820115640996684,High value / High intent,1,62,58.0,0
8917150,0.8819926278467716,High value / High intent,3,1,66.0,0
66145288,0.8819664593599418,High value / High intent,3,7,32.0,0
10878250,0.881882045916524,High value / High intent,4,1,28.0,0
125042644,0.8815204228481941,High value / High intent,4,4,17.0,0
125411948,0.8811683400701538,High value / High intent,1,85,72.0,0
122990070,0.8811486341654824,High value / High intent,4,1,29.0,0
28897086,0.8810740088449677,High value / High intent,4,0,39.0,0
97427779,0.8809243780681945,High value / High intent,2,26,40.0,0
5315279,0.8808559625767184,High value / High intent,1,5,248.0,0
16066732,0.8806339918576891,High value / High intent,3,3,43.0,0
125912657,0.8800646294775913,High value / High intent,2,47,30.0,0
118986002,0.8799347919265417,High value / High intent,3,2,48.0,0
9219164,0.8798021972721454,High value / High intent,3,1,60.0,0
28086954,0.879594020580084,High value / High intent,5,0,17.0,0
11197151,0.8795714242711427,High value / High intent,2,4,89.0,0
129377104,0.8794896541534202,High value / High intent,3,30,25.0,0
10319860,0.8791896199948677,High value / High intent,3,52,12.0,0
7397337,0.8788300710874009,High value / High intent,2,53,40.0,0
79057120,0.8786610027406202,High value / High intent,5,1,13.0,0
16807373,0.8786553229666202,High value / High intent,3,109,9.0,0
68358561,0.8780421200482994,High value / High intent,3,48,12.0,0
61570016,0.8777469912578817,High value / High intent,4,2,28.0,0
120433755,0.8774467702674145,High value / High intent,3,65,10.0,0
71702944,0.8772092853333173,High value / High intent,2,13,45.0,0
112891397,0.8771179883102334,High value / High intent,4,0,33.0,0
41986655,0.8770611708830924,High value / High intent,2,12,48.0,0
139725346,0.8769215925266174,High value / High intent,4,45,6.0,0
45473276,0.8768216439722456,High value / High intent,3,0,75.0,0
4137745,0.8767298422082623,High value / High intent,3,12,22.0,0
87298447,0.8765954990643382,High value / High intent,5,0,16.0,0
35967863,0.8764859894113975,High value / High intent,3,30,14.0,0
87895521,0.8763400245561821,High value / High intent,2,2,94.0,0
58207544,0.876118088593998,High value / High intent,4,35,6.0,0
130547450,0.8760255557242775,High value / High intent,2,73,22.0,0
142120051,0.8759963722518721,High value / High intent,4,8,13.0,0
93311801,0.8757953925922497,High value / High intent,4,0,34.0,0
68784328,0.8755403280262678,High value / High intent,3,17,18.0,0
86785531,0.8752303692397368,High value / High intent,2,52,23.0,0
114737900,0.8751731847095422,High value / High intent,4,11,10.0,0
47293396,0.8749463328833044,High value / High intent,1,2,188.0,0
123227202,0.8749436046189915,High value / High intent,3,4,35.0,0
61068008,0.8748354496443655,High value / High intent,2,24,33.0,0
124323271,0.8747565792972143,High value / High intent,5,0,14.0,0
118051628,0.8746661289733035,High value / High intent,5,0,17.0,0
102064914,0.8746247460430729,High value / High intent,4,9,11.0,0
71714329,0.8746204589783999,High value / High intent,4,0,32.0,0
109280382,0.874561954934882,High value / High intent,3,66,10.0,0
124259296,0.8743828121449344,High value / High intent,2,12,68.0,0
37309352,0.8743685683070511,High value / High intent,3,6,26.0,0
83346211,0.87398777328631,High value / High intent,3,1,49.0,0
23326854,0.8733151062013197,High value / High intent,3,13,19.0,0
22776936,0.873216423843673,High value / High intent,4,14,9.0,0
82575380,0.8731815667884126,High value / High intent,3,54,12.0,0
95237027,0.8727592492776373,High value / High intent,3,3,35.0,0
65961855,0.8726750682136879,High value / High intent,2,86,18.0,0
126544321,0.8724943846085511,High value / High intent,4,7,15.0,0
40364499,0.8724634985736813,High value / High intent,3,13,19.0,0
96317471,0.8724281017491188,High value / High intent,3,2,58.0,0
137905112,0.8721690659742438,High value / High intent,4,6,13.0,0
475826,0.8721102497591322,High value / High intent,3,25,15.0,0
76314785,0.8719761225596919,High value / High intent,4,80,3.0,0
85308332,0.8719451299805141,High value / High intent,3,1,47.0,0
136425962,0.8716015927963076,High value / High intent,3,1,48.0,0
91222505,0.8714899541186124,High value / High intent,3,13,17.0,0
55685159,0.8714594250804473,High value / High intent,5,0,12.0,0
43592945,0.8713463480694041,High value / High intent,3,3,34.0,0
29511444,0.8713250913638602,High value / High intent,2,11,41.0,0
46247152,0.8712956266779031,High value / High intent,4,11,8.0,0
106783624,0.8712883654237057,High value / High intent,2,6,53.0,0
25477392,0.8711213440335177,High value / High intent,5,10,4.0,0
130620874,0.8711104278662818,High value / High intent,3,13,37.0,0
82245480,0.8706625582151376,High value / High intent,4,0,28.0,0
40729947,0.8705884073793498,High value / High intent,4,0,31.0,0
76292653,0.8703103423064874,High value / High intent,4,7,16.0,0
45649071,0.8698651224695186,Low value / High intent,0,12,294.0,0
127698085,0.8698134051405328,High value / High intent,2,10,40.0,0
84698728,0.8698097260774905,Low value / High intent,0,42,103.0,0
97181356,0.869733480408575,High value / High intent,3,0,61.0,0
86804290,0.8696043885230247,High value / High intent,3,0,60.0,0
30314033,0.869574058871425,High value / High intent,4,1,18.0,0
121939330,0.869492528143737,High value / High intent,3,1,44.0,0
129922025,0.8694428495317722,High value / High intent,2,39,23.0,0
120377968,0.8693666028361483,High value / High intent,3,4,26.0,0
15688979,0.8693599290116057,High value / High intent,3,7,22.0,0
9774692,0.8693466657258959,High value / High intent,1,103,33.0,0
94480146,0.8692247005935829,High value / High intent,4,8,9.0,0
83546635,0.8692131447916899,High value / High intent,4,1,21.0,0
119653720,0.868832109482664,High value / High intent,4,9,10.0,0
112570004,0.8687348007926513,High value / High intent,4,54,4.0,0
45081001,0.868708351452404,High value / High intent,3,12,18.0,0
123848513,0.8686454580704117,High value / High intent,3,74,8.0,0
60366651,0.8684959060021894,High value / High intent,2,77,37.0,0
19277570,0.8683441439299752,High value / High intent,2,49,21.0,0
112044266,0.8680265685082461,High value / High intent,4,0,26.0,0
124291848,0.8678099283933494,High value / High intent,1,56,43.0,0
29601369,0.8673653316507498,High value / High intent,3,1,43.0,0
27625049,0.8673130782610495,High value / High intent,3,18,14.0,0
72703245,0.8672243835226364,High value / High intent,3,21,13.0,0
91301440,0.8672044795857938,High value / High intent,3,3,28.0,0
135537004,0.8671965224802952,High value / High intent,1,39,44.0,0
73136910,0.867158623759993,High value / High intent,5,13,3.0,0
25371517,0.86708333048041,High value / High intent,3,3,30.0,0
18216712,0.8666680254284962,High value / High intent,1,186,48.0,0
1926899,0.8665834756949953,High value / High intent,2,5,55.0,0
52895098,0.8664140070015526,High value / High intent,3,3,30.0,0
137204928,0.86601002198827,High value / High intent,3,20,14.0,0
96583102,0.8659218325660584,High value / High intent,2,20,29.0,0
130499060,0.865799552994712,High value / High intent,4,2,16.0,0
57301300,0.8657832938743654,High value / High intent,4,26,5.0,0
64355869,0.8655400564868512,High value / High intent,2,46,18.0,0
37701876,0.8654799535562453,High value / High intent,2,4,52.0,0
13824734,0.8654657802208797,High value / High intent,4,1,16.0,0
130844739,0.8654004290077713,High value / High intent,4,0,26.0,0
123596663,0.8651498755084006,High value / High intent,5,7,4.0,0
131514258,0.8649493009945057,High value / High intent,5,29,2.0,0
116324656,0.8647752854045115,High value / High intent,2,61,17.0,0
30552706,0.8644295729034281,High value / High intent,4,9,8.0,0
75321622,0.8643942751523602,High value / High intent,3,0,57.0,0
97221179,0.8634335450284578,High value / High intent,2,26,21.0,0
14735918,0.8633456220661401,High value / High intent,2,27,22.0,0
7585996,0.8632650632694799,High value / High intent,2,5,50.0,0
26562102,0.8632010467584836,High value / High intent,3,0,54.0,0
26949426,0.8628393812256681,High value / High intent,3,2,31.0,0
131787268,0.8627787258640967,High value / High intent,3,13,15.0,0
118839375,0.8627684437278181,High value / High intent,3,1,36.0,0
92892459,0.8623712338393882,High value / High intent,3,29,10.0,0
4195964,0.8622738707069308,High value / High intent,4,1,17.0,0
70503301,0.8620467099433141,High value / High intent,4,15,6.0,0
92454730,0.8615909009291886,High value / High intent,3,0,47.0,0
124269975,0.8615317569654467,High value / High intent,3,0,49.0,0
5950556,0.8613449175150958,High value / High intent,5,0,11.0,0
116852827,0.860981892466566,High value / High intent,3,3,23.0,0
119675939,0.8607077890852797,High value / High intent,3,3,26.0,0
28638001,0.86061881314952,High value / High intent,3,7,19.0,0
115159934,0.8606096319218114,High value / High intent,1,28,71.0,0
80954170,0.8604554476579646,High value / High intent,4,14,6.0,0
133425852,0.860437519309916,High value / High intent,3,1,53.0,0
71888387,0.8591117303432887,High value / High intent,3,1,31.0,0
74552997,0.8590294886526494,High value / High intent,2,16,25.0,0
111073682,0.8589768927477711,High value / High intent,2,9,33.0,0
65848846,0.85897260468494,High value / High intent,3,11,13.0,0
141600808,0.8588082512929384,High value / High intent,2,0,106.0,0
60079613,0.8584859832819454,High value / High intent,1,60,29.0,0
1183504,0.8584625421428714,High value / High intent,2,39,16.0,0
11313328,0.8582605088106134,High value / High intent,2,6,40.0,0
131275408,0.8582431148969583,High value / High intent,4,0,23.0,0
20786149,0.8581328660077726,High value / High intent,3,28,11.0,0
63625417,0.8578054198650961,High value / High intent,1,144,20.0,0
128135959,0.8577510709921554,High value / High intent,3,26,9.0,0
141907831,0.8574091421111506,High value / High intent,3,26,9.0,0
11361547,0.8573269799457267,High value / High intent,2,39,19.0,0
36964346,0.8573197315703295,High value / High intent,4,0,21.0,0
87998227,0.8572193166622939,High value / High intent,3,13,12.0,0
138735272,0.8569960031255356,High value / High intent,3,1,32.0,0
99795650,0.8569652114494388,High value / High intent,3,27,9.0,0
33448326,0.8569049358377726,High value / High intent,5,1,7.0,0
30838173,0.8567684962250977,High value / High intent,4,2,13.0,0
123952685,0.8566209985750017,High value / High intent,3,7,23.0,0
138643458,0.8565008147339577,High value / High intent,2,33,17.0,0
18391635,0.856475597998661,High value / High intent,3,1,32.0,0
3694961,0.856198515215152,High value / High intent,4,3,13.0,0
138524216,0.8561290704882698,High value / High intent,3,0,43.0,0
135639209,0.8557320843934976,High value / High intent,3,5,19.0,0
131702468,0.8555472666584589,High value / High intent,3,0,65.0,0
101287551,0.8555109379490504,High value / High intent,3,24,10.0,0
77163935,0.855421873305389,High value / High intent,2,28,17.0,0
45563112,0.8552796611705111,High value / High intent,3,3,22.0,0
122867103,0.8549377856345607,High value / High intent,3,2,38.0,0
9225110,0.8548841613277899,High value / High intent,2,8,33.0,0
142450275,0.8548330495338261,High value / High intent,1,13,61.0,0
57080557,0.8543798159338738,High value / High intent,4,1,14.0,0
18997016,0.8543720341719155,High value / High intent,2,5,36.0,0
133849127,0.854342587198084,High value / High intent,4,0,20.0,0
122822446,0.8541804781863102,High value / High intent,3,23,9.0,0
12428085,0.85402425781823,High value / High intent,2,1,67.0,0
117327134,0.8540045274665538,High value / High intent,3,79,5.0,0
129731705,0.8539450885154295,High value / High intent,2,9,28.0,0
109613455,0.853841403174377,High value / High intent,3,0,44.0,0
116601750,0.8537034382479488,High value / High intent,4,2,12.0,0
17924218,0.8535788143411781,High value / High intent,2,6,38.0,0
137829350,0.8535748241798919,High value / High intent,3,18,28.0,1
81612967,0.8534353774054337,High value / High intent,1,4,90.0,0
89258714,0.8533097948650736,High value / High intent,3,5,18.0,0
20543670,0.8531184722716053,High value / High intent,2,56,13.0,0
15473588,0.8529408174178478,High value / High intent,4,0,19.0,0
95118455,0.8528136227527694,High value / High intent,1,15,50.0,0
49512453,0.8527697424159236,High value / High intent,3,13,10.0,0
20799662,0.8526824542604811,High value / High intent,4,19,5.0,0
53080199,0.8523962237627656,High value / High intent,2,18,24.0,0
18757834,0.8523512252720311,High value / High intent,3,20,9.0,0
101150402,0.8522449949563061,High value / High intent,2,24,19.0,0
43864538,0.8520008143862982,High value / High intent,1,58,27.0,0
43916471,0.8518658003406397,High value / High intent,5,0,8.0,0
85271128,0.8517551354072059,High value / High intent,2,10,26.0,0
6222588,0.8514483448435605,High value / High intent,5,0,8.0,0
250843,0.8514437141590218,High value / High intent,4,21,4.0,0
83423107,0.8514339017562251,High value / High intent,2,5,34.0,0
118061360,0.8513715915325366,High value / High intent,3,0,41.0,0
74163297,0.8511683532240544,High value / High intent,4,30,3.0,0
88290400,0.8511614711131945,High value / High intent,5,2,5.0,0
105887770,0.8511513403117829,High value / High intent,3,1,28.0,0
56575580,0.8506352099679347,High value / High intent,3,1,28.0,0
991563,0.8505448885542566,High value / High intent,3,0,39.0,0
37402030,0.8502024620664258,High value / High intent,2,11,34.0,0
85372457,0.8500333328129978,High value / High intent,5,3,4.0,0
102281568,0.8499888497093943,Low value / High intent,0,48,60.0,0
54725247,0.84997152366115,High value / High intent,1,31,34.0,0
53560831,0.8499593723824909,Low value / High intent,0,17,97.0,0
116355229,0.8495091696980753,High value / High intent,4,0,17.0,0
36904941,0.8490928333470457,High value / High intent,4,4,7.0,0
130497558,0.849048931540128,High value / High intent,2,3,38.0,0
93159609,0.8489498346598984,High value / High intent,4,7,6.0,0
132617033,0.8485116811503763,High value / High intent,3,33,6.0,0
48908899,0.8484199776065521,High value / High intent,3,28,12.0,0
10303832,0.8484069824260153,High value / High intent,2,1,57.0,0
138793462,0.8483329862575694,High value / High intent,4,2,16.0,0
31993013,0.8483316124994182,High value / High intent,1,15,42.0,0
33424560,0.8481952379272025,High value / High intent,4,16,4.0,0
56735134,0.8481443045484628,High value / High intent,3,9,12.0,0
67268928,0.8478990126065044,High value / High intent,2,49,13.0,0
128476994,0.847865166489044,High value / High intent,3,4,18.0,0
15511710,0.8477070686547485,High value / High intent,3,3,27.0,0
139413160,0.8475182445787637,High value / High intent,2,296,5.0,0
100929958,0.8475166537736623,High value / High intent,2,35,14.0,0
29669124,0.8475085404972696,High value / High intent,2,5,33.0,0
133152667,0.847508076926337,High value / High intent,3,0,39.0,0
77320837,0.8474255405816198,High value / High intent,4,0,16.0,0
876192,0.8472959522030029,High value / High intent,3,30,7.0,0
93791092,0.8470648714324169,High value / High intent,4,0,15.0,0
111926750,0.8468912319556948,High value / High intent,3,1,24.0,0
44444422,0.8468805054911764,High value / High intent,3,20,8.0,0
83600056,0.846864500497982,High value / High intent,3,19,8.0,0
39324037,0.8468537796151806,High value / High intent,3,1,24.0,0
78324634,0.8466913824310197,High value / High intent,3,1,23.0,0
27839004,0.846586449355175,High value / High intent,4,0,17.0,0
108087298,0.8464743044903964,High value / High intent,3,20,12.0,0
4903043,0.8464596816047927,High value / High intent,3,3,18.0,0
133089485,0.8463986964944478,High value / High intent,2,5,30.0,0
65388018,0.8463263783129946,High value / High intent,3,5,15.0,0
6814789,0.8462230071376263,High value / High intent,3,8,12.0,0
62024754,0.8460193648244663,High value / High intent,3,6,13.0,0
76568368,0.8457856071400096,High value / High intent,3,0,34.0,0
71251121,0.8457322908865649,High value / High intent,3,24,8.0,0
32831611,0.8455348392379003,High value / High intent,3,3,16.0,0
26372667,0.8454987357363459,High value / High intent,5,3,3.0,0
126192461,0.8454686500250844,High value / High intent,2,0,70.0,0
57728595,0.8453917567094593,High value / High intent,2,22,16.0,0
36574688,0.845389467880922,High value / High intent,2,6,30.0,0
86658749,0.8453433639941034,High value / High intent,4,6,6.0,0
70212546,0.8447080835009618,High value / High intent,2,3,38.0,0
60296951,0.8446335267496388,High value / High intent,1,36,26.0,0
66303330,0.8445241633462278,High value / High intent,3,0,49.0,0
36339188,0.8443032876574069,High value / High intent,3,2,19.0,0
17216075,0.8441220632122322,High value / High intent,3,0,33.0,0
77868658,0.8438853816944525,High value / High intent,2,119,8.0,0
138100684,0.8438522776906184,High value / High intent,2,0,68.0,0
123848007,0.8437775535644777,High value / High intent,4,1,13.0,0
46661935,0.8437671966184639,High value / High intent,4,12,4.0,0
44908934,0.8437608391814277,High value / High intent,3,17,12.0,0
25020664,0.8437518455596583,High value / High intent,3,14,9.0,0
3566914,0.8436480657468298,High value / High intent,4,0,15.0,0
43052420,0.8434240128315424,High value / High intent,3,15,9.0,0
56560718,0.8432673182443766,High value / High intent,1,37,27.0,0
57981025,0.8432416695853083,High value / High intent,2,20,18.0,0
93897008,0.8429930204130893,High value / High intent,3,9,10.0,0
32059002,0.8429488702641268,High value / High intent,2,113,11.0,0
17341591,0.8424973176121151,Low value / High intent,0,19,77.0,0
83688949,0.8423106968334588,High value / High intent,2,3,38.0,0
72384905,0.8423087045380468,High value / High intent,3,1,23.0,0
113431690,0.8421745677955278,High value / High intent,3,1,33.0,0
61121803,0.8420641857975456,High value / High intent,2,15,18.0,0
26401646,0.8419099945757033,High value / High intent,4,0,13.0,0
30839253,0.8417897802901615,High value / High intent,2,2,38.0,0
60674956,0.8416734695294121,High value / High intent,4,12,4.0,0
69687230,0.8412472838411373,High value / High intent,2,37,12.0,0
122378590,0.841042045772614,High value / High intent,1,26,30.0,0
73065478,0.8409240558692487,High value / High intent,3,2,19.0,0
49189810,0.8409209499469128,High value / High intent,2,97,7.0,0
135455673,0.8408370330402176,High value / High intent,4,10,7.0,0
99393465,0.8407851683967222,High value / High intent,4,0,15.0,0
118228924,0.8407598797857654,High value / High intent,4,0,13.0,0
140257001,0.8405801598458866,High value / High intent,2,6,26.0,0
139475729,0.8404647655805487,High value / High intent,4,0,21.0,0
25963511,0.8403551503356027,High value / High intent,1,34,25.0,0
51169540,0.8402506861899701,High value / High intent,3,33,5.0,0
9710339,0.8401679891256926,High value / High intent,4,0,14.0,0
60479111,0.8398721098188401,High value / High intent,3,0,29.0,0
51763538,0.8398577633874229,High value / High intent,1,21,30.0,0
115374248,0.8398104616783925,High value / High intent,2,1,43.0,0
51099335,0.8397800269951631,High value / High intent,3,2,16.0,0
4225412,0.8397449506146601,High value / High intent,3,1,23.0,0
122512765,0.8396296631617541,High value / High intent,2,10,20.0,0
16623516,0.839545093863732,High value / High intent,2,26,13.0,0
83813302,0.839526186840408,High value / High intent,1,52,24.0,0
80415557,0.8394371877310022,High value / High intent,2,12,20.0,0
78888823,0.8393274545902611,High value / High intent,3,19,7.0,0
22981352,0.8389703798279433,High value / High intent,3,2,15.0,0
2319819,0.838834744640521,High value / High intent,2,1,46.0,0
59731095,0.8387258824274874,High value / High intent,2,1,45.0,0
139250001,0.8387032911300701,High value / High intent,3,1,30.0,0
22779974,0.8386986310040828,High value / High intent,3,0,29.0,0
142128942,0.8386682926472383,High value / High intent,1,9,45.0,0
98952869,0.8386323967083744,High value / High intent,2,1,42.0,0
107621692,0.8384448399213806,High value / High intent,3,8,13.0,0
54423533,0.8383530562841882,High value / High intent,2,0,65.0,0
36508157,0.8381438236244525,High value / High intent,3,2,17.0,0
97464808,0.8380912780549479,High value / High intent,1,66,18.0,0
21875488,0.8380648676891551,High value / High intent,2,23,15.0,0
102758797,0.8380472506250929,High value / High intent,3,1,32.0,0
81182608,0.8379854339456719,High value / High intent,1,62,19.0,0
31663890,0.8378195502156147,High value / High intent,1,12,38.0,0
28720302,0.8377878157389751,High value / High intent,3,3,24.0,0
100853561,0.8376582443029443,High value / High intent,3,0,28.0,0
63398160,0.8376544020691449,High value / High intent,1,97,15.0,0
41324527,0.837371822570377,High value / High intent,3,3,14.0,0
60352954,0.8373527476560336,High value / High intent,4,2,7.0,0
82914173,0.8373270493939253,High value / High intent,2,3,33.0,0
15777503,0.8372232884533792,High value / High intent,1,17,33.0,0
99529968,0.8372150860295975,High value / High intent,3,202,2.0,0
118525064,0.8370537849912596,High value / High intent,1,1,94.0,0
124299878,0.8369966070810322,High value / High intent,2,29,12.0,0
19132982,0.8367871790471346,High value / High intent,3,6,11.0,0
82438723,0.8366856903293434,High value / High intent,2,1,43.0,0
19708378,0.8365911873949,High value / High intent,2,41,16.0,0
151617,0.8365848860641254,High value / High intent,4,5,5.0,0
103728744,0.8365452647840935,High value / High intent,1,36,23.0,0
102014015,0.8363841188842167,High value / High intent,5,0,5.0,0
92706593,0.8363689325588112,Low value / High intent,0,63,39.0,0
48767456,0.8362385744072436,High value / High intent,2,8,20.0,0
102712222,0.8361879917029758,High value / High intent,4,0,12.0,0
48752418,0.8361214473403779,High value / High intent,2,13,17.0,0
138843810,0.836081851281657,High value / High intent,2,1,43.0,0
15437545,0.8359690207855477,High value / High intent,3,2,17.0,0
16096940,0.8352404416180207,High value / High intent,3,2,15.0,0
88815441,0.834995325349004,High value / High intent,2,35,11.0,0
114726208,0.8349336491470669,High value / High intent,3,1,29.0,0
110374516,0.8348823527083863,High value / High intent,2,54,9.0,0
101508404,0.8348338631683594,High value / High intent,1,13,35.0,0
3671520,0.834665779988338,High value / High intent,3,1,17.0,0
5066694,0.8344208175429468,High value / High intent,4,0,12.0,0
118425520,0.8343581421338159,High value / High intent,4,0,12.0,0
20694838,0.8343475323524275,High value / High intent,1,8,42.0,0
129685421,0.8343085101861138,High value / High intent,5,0,5.0,0
118465665,0.8343029602505113,High value / High intent,4,0,12.0,0
99674599,0.834282829192551,High value / High intent,2,2,33.0,0
74339956,0.8342185783477535,High value / High intent,2,12,16.0,0
4361577,0.8341782473697174,High value / High intent,2,1,42.0,0
13213333,0.8341536964383072,High value / High intent,4,0,12.0,0
88715260,0.8340199206123842,High value / High intent,3,5,11.0,0
116049086,0.8338221748805761,High value / High intent,1,20,31.0,0
84560829,0.8337230183077207,High value / High intent,1,9,60.0,0
112171699,0.8334756735301568,High value / High intent,2,14,16.0,0
142064691,0.8334353765575739,High value / High intent,2,5,23.0,0
22278371,0.8334201892962818,High value / High intent,4,24,2.0,0
27840504,0.8333584086510332,High value / High intent,2,2,35.0,0
110664771,0.8333466656596182,High value / High intent,3,23,5.0,0
40711894,0.8331766469340631,High value / High intent,2,17,21.0,0
67743134,0.8330376924022235,High value / High intent,4,0,12.0,0
44059193,0.832960121198516,High value / High intent,3,1,18.0,0
132048401,0.8329488369850735,High value / High intent,3,0,24.0,0
127311111,0.8326817047723254,High value / High intent,3,1,26.0,0
43136382,0.8326777303703204,High value / High intent,2,0,55.0,0
86017186,0.8326494257757153,High value / High intent,2,1,54.0,0
20663978,0.8326198744213142,High value / High intent,2,15,14.0,0
31735497,0.832588530334908,High value / High intent,2,19,12.0,0
82572658,0.8325744608772243,High value / High intent,3,29,5.0,0
4579794,0.8323673386090396,High value / High intent,3,11,8.0,0
81245680,0.8321747598905422,High value / High intent,1,17,32.0,0
65504626,0.8315954942945705,High value / High intent,1,14,31.0,0
123191883,0.8315215344085334,High value / High intent,3,7,9.0,0
132285491,0.8314011988202983,High value / High intent,2,1,37.0,0
115540691,0.831267676223869,High value / High intent,3,0,27.0,0
112317649,0.8310075952521152,High value / High intent,3,12,7.0,0
86239261,0.8308937339218742,High value / High intent,2,2,33.0,0
9573620,0.8308817648072916,High value / High intent,2,1,40.0,0
96936392,0.8302506132931049,High value / High intent,4,0,11.0,0
81633439,0.830234316356346,High value / High intent,2,11,15.0,0
140628062,0.8297849735478764,High value / High intent,4,0,9.0,0
65479688,0.8297689633749419,High value / High intent,4,2,6.0,0
25896264,0.8297652831729115,High value / High intent,3,0,22.0,0
49542384,0.8296856835865541,High value / High intent,3,42,4.0,0
100875707,0.8295234831384937,High value / High intent,3,0,23.0,0
12684051,0.8295004547114444,High value / High intent,1,102,12.0,0
56554346,0.8293578783102794,High value / High intent,3,19,5.0,0
86614500,0.8292590676157507,High value / High intent,2,19,11.0,0
17672892,0.8291058236802978,High value / High intent,2,1,35.0,0
92129979,0.8285755682848273,High value / High intent,5,0,4.0,0
110976685,0.8285322300127058,High value / High intent,2,0,45.0,0
17635361,0.8284389435930001,High value / High intent,3,2,14.0,0
117929882,0.8284319090009916,High value / High intent,2,18,12.0,0
65746371,0.8283960550823447,High value / High intent,4,0,9.0,0
121306092,0.8282865842603282,High value / High intent,1,110,33.0,1
84556930,0.8279323333167563,High value / High intent,2,0,48.0,0
131903746,0.8278622493876925,High value / High intent,4,0,10.0,0
103504610,0.8278507562053549,High value / High intent,1,48,18.0,0
103548522,0.8277613231134384,High value / High intent,3,5,8.0,0
44324837,0.8277106095076654,High value / High intent,2,0,48.0,0
19414367,0.8276454246951004,High value / High intent,3,1,16.0,0
62042013,0.8274172202494127,High value / High intent,2,38,8.0,0
106320112,0.8272408715088762,High value / High intent,3,12,6.0,0
76930958,0.8272387685074125,High value / High intent,3,0,21.0,0
73455580,0.827225219568373,High value / High intent,1,30,22.0,0
103439105,0.8271479956303556,High value / High intent,2,35,9.0,0
122443173,0.8270974730789505,High value / High intent,3,4,21.0,0
43631068,0.8270858090358155,High value / High intent,2,2,30.0,0
97963484,0.8258698834231514,High value / High intent,3,0,21.0,0
61219560,0.8254303264431826,Low value / High intent,0,23,67.0,0
114147733,0.825334135817207,High value / High intent,3,11,9.0,0
80264762,0.8250771625024732,High value / High intent,3,26,6.0,0
71969934,0.825018543131015,High value / High intent,3,20,5.0,0
77150532,0.8248399990220521,High value / High intent,3,0,23.0,0
36918674,0.8243451225489679,High value / High intent,2,0,45.0,0
109059873,0.8243041436725671,High value / High intent,4,1,7.0,0
53438473,0.8241486013177917,High value / High intent,2,1,33.0,0
69174349,0.824140319937788,High value / High intent,4,42,1.0,0
19805334,0.8240747203796155,High value / High intent,2,14,13.0,0
44748590,0.8239312387175443,High value / High intent,3,45,3.0,0
39526193,0.8239035996802446,High value / High intent,3,35,4.0,0
80112220,0.8238942222294621,High value / High intent,2,25,9.0,0
56823809,0.8235856257308375,High value / High intent,3,12,13.0,0
111595300,0.8234363866550738,Low value / High intent,0,73,28.0,0
61596634,0.8234250112313556,High value / High intent,1,12,30.0,0
98047837,0.8233506522635369,High value / High intent,2,9,15.0,0
4120403,0.8232925663877452,High value / High intent,3,12,6.0,0
135347247,0.8231645660947915,High value / High intent,3,1,17.0,0
22125304,0.8228898702806009,High value / High intent,1,6,37.0,0
71149953,0.8228818415443631,High value / High intent,1,3,46.0,0
82926163,0.8228488124617571,High value / High intent,2,33,8.0,0
79134636,0.8227628900578526,Low value / High intent,0,57,47.0,0
108168148,0.8226823555378098,High value / High intent,4,8,3.0,0
44914992,0.8224615337739923,High value / High intent,4,0,8.0,0
52660721,0.8223046444108835,Low value / High intent,0,42,32.0,0
119652192,0.8220889198994207,High value / High intent,1,89,17.0,0
77443046,0.8220846535921303,High value / High intent,4,41,2.0,0
103812524,0.8220565411875155,High value / High intent,3,0,19.0,0
97357434,0.8219985798106602,Low value / High intent,0,15,51.0,0
78331026,0.8216216365130458,High value / High intent,4,8,3.0,0
7853740,0.8213474898901404,High value / High intent,3,0,19.0,0
10825402,0.821255572061154,High value / High intent,3,47,4.0,0
84517694,0.821057479131937,High value / High intent,3,0,20.0,0
67202688,0.8208581079963162,High value / High intent,4,0,10.0,0
82384961,0.8207658318472284,High value / High intent,2,49,6.0,0
68327951,0.8207435277268065,High value / High intent,3,2,12.0,0
110278377,0.8206898274213884,High value / High intent,4,0,9.0,0
137175187,0.8204455294502854,High value / High intent,2,58,7.0,0
34187941,0.8203958227025043,High value / High intent,2,2,25.0,0
137213849,0.8202574112843904,High value / High intent,2,0,38.0,0
17552766,0.8202142071997656,High value / High intent,2,7,16.0,0
134358011,0.8201010891574362,High value / High intent,2,7,15.0,0
1030408,0.8198820344388763,High value / High intent,2,0,41.0,0
85063376,0.8197506801819063,High value / High intent,3,16,5.0,0
56498242,0.8197264950055854,High value / High intent,2,10,13.0,0
108829095,0.8195775443671351,High value / High intent,2,3,21.0,0
20560924,0.819552353306598,High value / High intent,3,0,20.0,0
21931159,0.8194888597464862,High value / High intent,4,0,8.0,0
108748058,0.8194109706339574,High value / High intent,2,0,43.0,0
58207246,0.8192573780313971,High value / High intent,5,2,2.0,0
50010860,0.8192020737074697,Low value / High intent,0,51,28.0,0
131231135,0.8189761099896034,High value / High intent,5,0,4.0,0
135144517,0.8187428274060459,High value / High intent,2,10,13.0,0
50904788,0.8187326998871833,High value / High intent,1,115,10.0,0
138505346,0.8184917468291548,High value / High intent,2,0,42.0,0
34442641,0.8184396510078189,High value / High intent,3,8,6.0,0
72148706,0.8183336631031963,High value / High intent,3,20,4.0,0
47272457,0.8182938804223535,High value / High intent,2,1,27.0,0
81964332,0.8179723580398194,High value / High intent,1,6,34.0,0
48470191,0.817949800517236,High value / High intent,1,38,14.0,0
12570225,0.8179178635888759,Low value / High intent,0,30,38.0,0
83062037,0.817905501568724,High value / High intent,3,0,20.0,0
36497409,0.8176140318572698,High value / High intent,2,27,9.0,0
134904941,0.81740599445775,High value / High intent,1,45,14.0,0
79587494,0.8174011387556145,High value / High intent,2,61,9.0,0
25994909,0.8173051128373674,High value / High intent,2,5,17.0,0
67849399,0.8172679801001685,High value / High intent,2,40,7.0,0
101456770,0.8171888475629709,High value / High intent,3,3,15.0,0
23362360,0.8168914207893972,High value / High intent,1,7,30.0,0
37554907,0.816848696872968,High value / High intent,2,14,11.0,0
109533593,0.8166198104913711,High value / High intent,3,0,15.0,0
45660059,0.8163856832637056,High value / High intent,3,1,13.0,0
59354562,0.8163327487818355,High value / High intent,2,6,15.0,0
31503308,0.8162913967364421,High value / High intent,3,1,13.0,0
132057506,0.8161910653671595,High value / High intent,2,1,25.0,0
30360670,0.816026423159307,High value / High intent,2,1,27.0,0
3830694,0.8160120146118724,High value / High intent,3,1,18.0,0
37780288,0.8159738007820395,High value / High intent,1,137,8.0,0
21669502,0.8157786228885308,High value / High intent,3,10,5.0,0
4102557,0.8157408260852103,High value / High intent,2,2,22.0,0
115078779,0.8156671024311152,High value / High intent,3,31,3.0,0
20472131,0.8156357304697605,High value / High intent,3,33,3.0,0
43803932,0.8155487593072187,High value / High intent,4,1,6.0,0
87413989,0.8154862894484427,High value / High intent,1,11,59.0,0
141840594,0.8154711238829534,High value / High intent,1,2,52.0,0
129903163,0.8154538619403554,High value / High intent,3,0,39.0,0
57015662,0.8154214163912907,High value / High intent,3,2,16.0,0
2989110,0.8154149796011518,High value / High intent,2,3,18.0,0
8596951,0.8151740567003168,High value / High intent,1,133,8.0,0
109893417,0.8151285893905709,High value / High intent,2,1,25.0,0
91373045,0.8149702754457163,High value / High intent,2,1,26.0,0
21140632,0.8149469367667561,High value / High intent,3,0,24.0,0
10297132,0.8148761091524566,High value / High intent,4,1,6.0,0
104735935,0.8145555850382887,High value / High intent,2,8,12.0,0
2742560,0.8144717115021124,High value / High intent,4,0,8.0,0
24625581,0.814312808070318,High value / High intent,1,14,24.0,0
61966309,0.8141525797373224,High value / High intent,5,0,3.0,0
22992522,0.8141149155262767,High value / High intent,2,0,40.0,0
71406451,0.8140735976563158,High value / High intent,1,9,27.0,0
127825359,0.8138861728765797,High value / High intent,4,1,5.0,0
124719016,0.8138833933308436,High value / High intent,3,17,4.0,0
127025814,0.8138752770679207,High value / High intent,1,36,14.0,0
20180785,0.813823854075271,High value / High intent,4,0,7.0,0
8370322,0.8137673695413108,High value / High intent,4,0,7.0,0
8213864,0.8137317467655915,High value / High intent,2,0,36.0,0
4561993,0.8136515157112315,Low value / High intent,0,59,24.0,0
81611585,0.8136481545723253,High value / High intent,2,12,12.0,0
11682531,0.8136276488916842,High value / High intent,1,22,18.0,0
21131024,0.8136237778144346,High value / High intent,4,1,5.0,0
91339068,0.8135359459645943,High value / High intent,2,4,19.0,0
70380387,0.8135328148094505,High value / High intent,3,27,3.0,0
134377639,0.8132659556239865,High value / High intent,4,0,19.0,1
122266056,0.8132568581140679,High value / High intent,4,4,9.0,1
125309659,0.8132236814359625,High value / High intent,3,0,25.0,0
55575058,0.8129934362321696,High value / High intent,3,0,16.0,0
8052951,0.8129883395509035,High value / High intent,2,3,28.0,0
95301715,0.812980727123012,High value / High intent,1,77,16.0,0
126046148,0.8129130692397581,High value / High intent,3,0,18.0,0
13869219,0.8128870944562956,High value / High intent,2,53,5.0,0
87983348,0.8127482563031385,High value / High intent,2,0,36.0,0
131959781,0.8125120208946681,High value / High intent,1,45,12.0,0
6345483,0.8124425436579766,High value / High intent,1,47,14.0,0
103606020,0.812389717906601,High value / High intent,4,0,11.0,0
76937095,0.8123511801893456,High value / High intent,4,4,4.0,0
56367782,0.8122045721205639,High value / High intent,4,0,7.0,0
89249164,0.8121909846713399,High value / High intent,1,41,13.0,0
118562608,0.8121349948925636,Low value / High intent,0,101,18.0,0
140781295,0.811724806275895,High value / High intent,2,1,37.0,0
112747648,0.8116897715641708,Low value / High intent,0,11,51.0,0
105744471,0.8115153970829877,High value / High intent,1,1,58.0,0
97795315,0.8113660496143583,High value / High intent,2,0,36.0,0
139030112,0.8113468206350641,High value / High intent,3,0,16.0,0
40459733,0.8113109443279068,High value / High intent,3,1,12.0,0
114211505,0.811274093339731,High value / High intent,2,2,22.0,0
109689683,0.8112657852822164,High value / High intent,3,1,11.0,0
138301582,0.8112184525690171,High value / High intent,1,8,26.0,0
75819271,0.8112069032075258,High value / High intent,2,0,34.0,0
137850156,0.8110692410599556,Low value / High intent,0,8,57.0,0
72651215,0.8110348676388817,High value / High intent,3,6,6.0,0
41938273,0.8108419425991352,High value / High intent,2,7,13.0,0
84566857,0.8107159431459336,High value / High intent,2,30,11.0,0
34195604,0.8106958994712127,High value / High intent,1,11,23.0,0
11680145,0.81062381213407,Low value / High intent,0,77,19.0,0
1834928,0.810559223941228,High value / High intent,3,1,11.0,0
3166978,0.8105498272886631,High value / High intent,4,0,15.0,0
64783805,0.8104958494612953,High value / High intent,3,0,15.0,0
94329829,0.8102159726498175,High value / High intent,3,0,17.0,0
109911889,0.8100954837768284,High value / High intent,4,0,7.0,0
142081324,0.8100299578226423,High value / High intent,2,1,25.0,0
134233776,0.809822277933493,High value / High intent,2,1,25.0,0
119401585,0.8096387496179442,High value / High intent,4,1,5.0,0
101903161,0.8094946746591216,High value / High intent,1,23,15.0,0
47153697,0.8094603138146884,High value / High intent,2,28,10.0,0
22717072,0.8094225342408924,High value / High intent,2,1,23.0,0
110033398,0.8094211868963441,High value / High intent,2,0,32.0,0
33298619,0.8093933302913136,High value / High intent,3,0,24.0,0
43857558,0.8092645005861255,High value / High intent,2,35,6.0,0
57454165,0.8092421393468525,High value / High intent,4,0,7.0,0
87542208,0.8090751991872007,High value / High intent,1,13,22.0,0
10763896,0.8089239267496781,High value / High intent,4,3,3.0,0
66374251,0.8088975769258332,High value / High intent,2,0,47.0,0
94637132,0.808625040008333,High value / High intent,3,13,4.0,0
22444189,0.8085961497471152,High value / High intent,2,1,35.0,0
112125475,0.808474455493363,High value / High intent,2,52,5.0,0
129489291,0.8084092940059003,High value / High intent,2,1,24.0,0
115452492,0.8083201401472615,High value / High intent,4,0,6.0,0
213655,0.8082981382696174,High value / High intent,2,1,25.0,0
139896291,0.8082058060927978,High value / High intent,2,0,29.0,0
119645898,0.8081610407805749,Low value / High intent,0,56,21.0,0
96504901,0.8081515563695248,High value / High intent,2,1,35.0,0
122823587,0.8080451878804544,High value / High intent,2,36,9.0,0
21233965,0.8077478708196912,Low value / High intent,0,63,83.0,1
2283337,0.8076526278241983,High value / High intent,3,21,3.0,0
25142712,0.8074956382625119,High value / High intent,3,24,3.0,0
79492036,0.8073955548859513,High value / High intent,5,2,1.0,0
141302835,0.8072228519504673,High value / High intent,3,2,9.0,0
104792616,0.8071192120304471,High value / High intent,2,10,10.0,0
53568053,0.8071070883150462,High value / High intent,3,4,6.0,0
42743566,0.8070850616348735,High value / High intent,1,101,7.0,0
25183118,0.8070631402398772,High value / High intent,3,1,10.0,0
134806923,0.8069741273744379,High value / High intent,2,0,29.0,0
66200828,0.8069324164826011,High value / High intent,3,1,10.0,0
73424303,0.8068138917724944,High value / High intent,2,0,32.0,0
97390150,0.8067938925659263,High value / High intent,1,16,17.0,0
140158728,0.8067620924553018,High value / High intent,2,0,31.0,0
64310783,0.8064623800889043,High value / High intent,4,0,7.0,0
73918597,0.8063988211571239,High value / High intent,2,1,32.0,0
102629009,0.8063835108395447,High value / High intent,2,0,31.0,0
57275898,0.806231139428901,High value / High intent,4,1,4.0,0
39141608,0.8061766768181897,High value / High intent,3,0,13.0,0
137998405,0.8061439219868258,High value / High intent,4,7,4.0,0
11650719,0.8061074568425743,High value / High intent,2,6,27.0,0
93860264,0.8060015610206847,High value / High intent,3,18,3.0,0
10309048,0.8059759567107199,High value / High intent,1,44,16.0,0
72167112,0.8055937044711625,High value / High intent,3,2,8.0,0
101698393,0.8055881411056518,High value / High intent,3,0,15.0,0
95064712,0.8053849757618904,High value / High intent,2,36,8.0,0
108070698,0.8052420026543409,High value / High intent,2,3,18.0,0
77339861,0.8052354959328282,High value / High intent,1,2,88.0,0
117961451,0.8051948965789415,High value / High intent,1,76,9.0,0
36090137,0.8051366079092068,High value / High intent,2,1,21.0,0
98466620,0.8049848615078037,High value / High intent,3,0,13.0,0
17785864,0.8049241683198236,Low value / High intent,0,0,147.0,0
26081392,0.8048662157554286,High value / High intent,3,43,2.0,0
59412514,0.8046345216907435,High value / High intent,3,1,9.0,0
65327449,0.8044078256553776,High value / High intent,4,15,4.0,0
105805037,0.8041509513218779,High value / High intent,1,2,38.0,0
8197937,0.8041360186480094,High value / High intent,1,6,25.0,0
26509398,0.8040950781561281,High value / High intent,3,1,10.0,0
46133505,0.8038164714043199,High value / High intent,2,3,38.0,0
15821703,0.8037360800684558,High value / High intent,3,28,4.0,0
116567678,0.8033182454636669,High value / High intent,3,0,13.0,0
93246537,0.8032917807585254,High value / High intent,3,0,21.0,0
133429407,0.80327303413059,High value / High intent,3,0,15.0,0
66232679,0.8031840453978192,High value / High intent,2,38,5.0,0
83073587,0.8031774793869957,High value / High intent,1,1,69.0,0
135803085,0.8028139603772083,High value / High intent,2,1,19.0,0
1259845,0.8027753859633392,High value / High intent,3,0,20.0,0
138243943,0.8027466069225596,High value / High intent,1,11,19.0,0
44154986,0.8026894644030841,High value / High intent,2,11,9.0,0
23165095,0.8026644077865883,High value / High intent,2,64,4.0,0
89256212,0.8026495968548666,High value / High intent,3,16,5.0,0
81586383,0.8026385458074373,High value / High intent,1,35,12.0,0
122150914,0.8022828000441649,High value / High intent,1,46,11.0,0
92954093,0.802070969828715,High value / High intent,1,74,8.0,0
101708064,0.801897348462573,High value / High intent,3,1,9.0,0
34576265,0.8018894132501708,High value / High intent,2,11,8.0,0
100001878,0.8018517380675723,High value / High intent,2,0,29.0,0
74920552,0.8016137109232319,High value / High intent,3,0,12.0,0
16590671,0.8014822208762159,High value / High intent,2,2,16.0,0
26768217,0.801422967508628,High value / High intent,4,1,4.0,0
14506759,0.8014185776269508,Low value / High intent,0,22,29.0,0
49026431,0.8013461058021292,High value / High intent,3,0,13.0,0
74970676,0.8011553038102571,High value / High intent,1,5,25.0,0
39675115,0.8011343138713317,High value / High intent,3,0,13.0,0
104221274,0.8010295281351185,High value / High intent,3,19,3.0,0
113398892,0.8009655460625692,High value / High intent,2,6,10.0,0
94308406,0.800965359125075,High value / High intent,2,5,12.0,0
118356281,0.800923476486385,High value / High intent,2,0,28.0,0
114341373,0.8009006501914846,Low value / High intent,0,182,11.0,0
103767458,0.8008816608832102,High value / High intent,1,86,17.0,0
21358985,0.8007223068668381,High value / High intent,3,5,5.0,0
21832523,0.8006053018910677,High value / High intent,3,27,2.0,0
76271403,0.8006030766910703,High value / High intent,2,44,4.0,0
129558614,0.8005752560574373,High value / High intent,1,20,13.0,0
85120673,0.800346927324027,Low value / High intent,0,33,24.0,0
42113872,0.8003049017261151,High value / High intent,2,0,29.0,0
39420666,0.8002872613206253,High value / High intent,2,1,29.0,0
2400099,0.8002282295572074,High value / High intent,3,8,4.0,0
39690010,0.8001456847268102,High value / High intent,3,1,9.0,0
71601515,0.799921838447193,High value / High intent,2,23,6.0,0
93080101,0.7998768030670581,High value / High intent,3,0,13.0,0
128519725,0.7996961159112792,High value / High intent,3,4,6.0,0
29791483,0.7994997127846434,High value / High intent,2,27,6.0,0
141143284,0.7994943390147857,High value / High intent,2,0,28.0,0
93842000,0.7992689680812041,High value / High intent,3,18,3.0,0
77324134,0.7991401501773904,High value / High intent,2,1,21.0,0
55207467,0.7989771154850587,High value / High intent,2,0,30.0,0
130216411,0.7988939704422858,High value / High intent,3,0,17.0,0
42694858,0.7988694561874855,High value / High intent,3,0,18.0,0
80552424,0.79878641737698,High value / High intent,2,13,7.0,0
117718025,0.7986549167320824,High value / High intent,1,0,91.0,0
79787742,0.7985805797555866,High value / High intent,3,0,12.0,0
95898771,0.7985744006811815,High value / High intent,1,15,14.0,0
34578527,0.7985089284289005,High value / High intent,2,0,27.0,0
119160278,0.7985079768396344,High value / High intent,1,20,14.0,0
128213972,0.7983358963107766,High value / High intent,2,47,4.0,0
95885873,0.7981651533931636,High value / High intent,1,16,16.0,0
68412184,0.7981207338125546,High value / High intent,2,3,15.0,0
66205819,0.7979369620624325,High value / High intent,2,1,21.0,0
121823128,0.7978601682415125,High value / High intent,2,36,7.0,0
13014253,0.797767486836899,High value / High intent,4,12,1.0,0
77055538,0.797668529991001,High value / High intent,3,0,13.0,0
102663288,0.797627496576803,High value / High intent,1,1,43.0,0
22751272,0.797463628210671,High value / High intent,2,1,19.0,0
58327324,0.797463187897279,High value / High intent,2,1,18.0,0
38373526,0.797396261131619,High value / High intent,2,2,15.0,0
107952284,0.79738931470612,High value / High intent,1,3,30.0,0
19716129,0.7972292908881338,High value / High intent,2,1,19.0,0
110615671,0.7972057201277716,High value / High intent,3,2,7.0,0
118433993,0.7971420899908962,High value / High intent,3,22,4.0,0
76143991,0.796997547530334,High value / High intent,2,21,15.0,1
95395131,0.796994974248944,Low value / High intent,0,47,20.0,0
127712668,0.7969396057685645,High value / High intent,3,9,4.0,0
69697214,0.7968190748758865,High value / High intent,2,0,27.0,0
17883538,0.796779822102281,High value / High intent,2,0,29.0,0
57857118,0.7966588747235558,High value / High intent,2,0,28.0,0
51612422,0.7966425491465373,High value / High intent,3,0,12.0,0
64881151,0.7966331999712324,High value / High intent,1,39,9.0,0
9528671,0.7966097309198988,High value / High intent,2,11,8.0,0
79243315,0.7965599454333913,High value / High intent,3,0,11.0,0
49871598,0.7964792296147631,High value / High intent,5,0,3.0,0
124161111,0.7964360495336541,High value / High intent,4,0,5.0,0
45463421,0.7963053869914688,High value / High intent,5,14,0.0,0
41268198,0.7960926784308837,Low value / High intent,0,26,26.0,0
59127123,0.7959694750794009,High value / High intent,1,15,16.0,0
112707614,0.7958671556296052,High value / High intent,5,12,0.0,0
98392652,0.7957749800038311,High value / High intent,2,67,3.0,0
7788241,0.7957510621631404,High value / High intent,3,4,8.0,0
120329032,0.7957181466979255,High value / High intent,1,68,8.0,0
104135842,0.7955063057673166,High value / High intent,3,4,5.0,0
120594014,0.7954826227215811,High value / High intent,1,29,17.0,0
114596559,0.7953942677272825,High value / High intent,1,9,17.0,0
131466845,0.7953231025347682,High value / High intent,4,71,0.0,0
15243855,0.7951527397066604,High value / High intent,2,2,14.0,0
2913602,0.7949892514530773,High value / High intent,2,1,17.0,0
63583265,0.7949774176584555,High value / High intent,2,75,5.0,0
124409414,0.7948717350197962,High value / High intent,2,0,39.0,0
79603001,0.7947151361264333,High value / High intent,1,17,18.0,0
74534491,0.7945354573238886,High value / High intent,4,2,3.0,0
120457819,0.7939487799152123,Low value / High intent,0,11,38.0,0
91719173,0.7938863539369854,High value / High intent,3,0,12.0,0
16755897,0.7937248228413455,High value / High intent,3,19,2.0,0
42089925,0.7934517041612236,High value / High intent,2,19,6.0,0
109258006,0.7933402440998412,High value / High intent,2,8,9.0,0
38968501,0.7932636339398487,High value / High intent,1,23,18.0,0
30915777,0.7932130332378272,High value / High intent,4,2,6.0,0
52534043,0.7932056593069017,High value / High intent,3,0,12.0,0
68265275,0.7931775382493575,High value / High intent,2,1,17.0,0
114845984,0.7931258030514782,High value / High intent,1,56,8.0,0
5236221,0.7930797276802243,High value / High intent,2,0,22.0,0
37208119,0.7930155236319951,High value / High intent,2,0,25.0,0
