hr,pv,uv,purchases,pv_share_pct
0,84641,3759,2603,4.73
1,42214,2212,808,2.36
2,22835,1333,345,1.28
3,15025,913,167,0.84
4,11666,777,159,0.65
5,12960,950,173,0.72
6,23271,1865,429,1.3
7,43548,3377,855,2.43
8,60525,4582,1373,3.38
9,72166,5201,1806,4.03
10,79251,5555,2110,4.43
11,74375,5586,2063,4.16
12,72565,5541,1959,4.06
13,83028,5605,2192,4.64
14,83150,5542,2002,4.65
15,83001,5591,2044,4.64
16,81335,5609,2000,4.55
17,72423,5520,1478,4.05
18,79931,5634,1464,4.47
19,107605,6013,1776,6.01
20,137376,6464,2243,7.68
21,158397,6609,2662,8.85
22,158665,6332,2762,8.87
23,129012,5182,2052,7.21
