hr,pv_promo,pv_normal,buy_promo,buy_normal,promo_buy_share_pct
0,20466,8021.875,1824,97.375,13.2
1,9706,4063.5,539,33.625,3.9
2,5120,2214.375,205,17.5,1.5
3,2781,1530.5,105,7.75,0.8
4,2231,1179.375,81,9.75,0.6
5,2869,1261.375,86,10.875,0.6
6,5428,2230.375,251,22.25,1.8
7,9509,4254.875,482,46.625,3.5
8,11849,6084.5,754,77.375,5.4
9,14020,7268.25,797,126.125,5.7
10,13807,8180.5,734,172.0,5.3
11,12042,7791.625,717,168.25,5.2
12,12938,7453.375,625,166.75,4.5
13,14214,8601.75,679,189.125,4.9
14,12809,8792.625,522,185.0,3.8
15,12817,8773.0,527,189.625,3.8
16,13056,8534.875,519,185.125,3.7
17,11211,7651.5,407,133.875,2.9
18,11872,8507.375,394,133.75,2.8
19,15562,11505.375,500,159.5,3.6
20,19093,14785.375,583,207.5,4.2
21,22538,16982.375,771,236.375,5.6
22,22257,17051.0,896,233.25,6.5
23,20215,13599.625,868,148.0,6.3
